latitude,longitude,elevation,utc_offset_seconds,timezone,timezone_abbreviation
43.690685,-79.41174,99,-14400,America/Toronto,GMT-4
,,,,,
time,temperature_2m (蚓),relative_humidity_2m (%),precipitation (mm),wind_speed_10m (km/h),surface_pressure (hPa)
2024-03-01T00:00,-5.6,53,0,6.2,1017.6
2024-03-01T01:00,-5.7,51,0,4.5,1017.8
2024-03-01T02:00,-4.7,48,0,4.4,1017.9
2024-03-01T03:00,-4,47,0,5.1,1017.7
2024-03-01T04:00,-3.3,48,0,4.9,1017.5
2024-03-01T05:00,-3,53,0,4.6,1017.6
2024-03-01T06:00,-2.5,58,0,5.3,1017.8
2024-03-01T07:00,-3.2,70,0,6.8,1017.8
2024-03-01T08:00,-3,80,0,9.3,1018
2024-03-01T09:00,-0.8,76,0,12.1,1018.2
2024-03-01T10:00,0.9,65,0,14.3,1018.4
2024-03-01T11:00,2.7,64,0,16.1,1018.2
2024-03-01T12:00,4.3,58,0,17.2,1017.7
2024-03-01T13:00,5.7,49,0,19.6,1017.2
2024-03-01T14:00,6.8,42,0,20.8,1016.3
2024-03-01T15:00,7.2,39,0,18.4,1015.5
2024-03-01T16:00,7.2,45,0,13.3,1014.9
2024-03-01T17:00,6.9,47,0,7.7,1013.7
2024-03-01T18:00,5.4,58,0,6.9,1013.2
2024-03-01T19:00,2.6,63,0,10.1,1012.8
2024-03-01T20:00,2.2,68,0,14.8,1013.2
2024-03-01T21:00,2.5,71,0,13.7,1012.1
2024-03-01T22:00,2.4,75,0,8.9,1011.6
2024-03-01T23:00,2.9,71,0,11.4,1011.3
2024-03-02T00:00,2.7,68,0,11.1,1011.3
2024-03-02T01:00,3,63,0,12.6,1011.3
2024-03-02T02:00,2.5,66,0,11.6,1011.3
2024-03-02T03:00,3.3,63,0,11.4,1011.2
2024-03-02T04:00,3.3,66,0,11.9,1010.6
2024-03-02T05:00,3.2,71,0,9.4,1009.8
2024-03-02T06:00,3.3,77,0,9,1009.8
2024-03-02T07:00,3.2,83,0.1,7.5,1009.9
2024-03-02T08:00,3,89,0.2,5.7,1010
2024-03-02T09:00,3.5,93,0.2,3.3,1009.7
2024-03-02T10:00,3.8,95,0.4,6.6,1009.8
2024-03-02T11:00,4,97,0.4,4.1,1009.7
2024-03-02T12:00,4.6,98,0.5,4.8,1009.5
2024-03-02T13:00,5.8,93,0.2,5.7,1009.4
2024-03-02T14:00,5.9,93,0,4,1009.1
2024-03-02T15:00,6.1,93,0,4.6,1008.7
2024-03-02T16:00,6.3,94,0,4.7,1008.2
2024-03-02T17:00,6.6,94,0,4.6,1008.1
2024-03-02T18:00,6.5,93,0,5.5,1008.3
2024-03-02T19:00,4.8,98,0,3.2,1008.8
2024-03-02T20:00,4.8,99,0,5.9,1008.9
2024-03-02T21:00,4.8,99,0,5,1009
2024-03-02T22:00,4.5,99,0,5.9,1009.1
2024-03-02T23:00,4.4,98,0,6.9,1009.4
2024-03-03T00:00,4.2,98,0,5.9,1009.6
2024-03-03T01:00,4,99,0,3.7,1009.7
2024-03-03T02:00,3.5,100,0,4.7,1009.9
2024-03-03T03:00,3.8,99,0,6.3,1010
2024-03-03T04:00,3.7,99,0,5.8,1010.1
2024-03-03T05:00,3.5,99,0,6.2,1010.3
2024-03-03T06:00,3.4,100,0,3.7,1010.8
2024-03-03T07:00,3.2,100,0,2.3,1011.2
2024-03-03T08:00,2.9,99,0,3.7,1011.3
2024-03-03T09:00,4.4,99,0,5.9,1012.1
2024-03-03T10:00,4.9,99,0,5.1,1012.4
2024-03-03T11:00,5.7,99,0,6.1,1012.6
2024-03-03T12:00,6.1,98,0,9,1012.5
2024-03-03T13:00,6.4,96,0,11.2,1012.3
2024-03-03T14:00,7.2,91,0,11.5,1012.4
2024-03-03T15:00,7.7,90,0,13,1011.6
2024-03-03T16:00,7.7,89,0,14.9,1011.3
2024-03-03T17:00,6.9,91,0,16,1011.6
2024-03-03T18:00,6.1,92,0,16.3,1011.4
2024-03-03T19:00,5.1,95,0,17.2,1011.4
2024-03-03T20:00,5,93,0,19.8,1011.5
2024-03-03T21:00,4.9,94,0,19.5,1010.9
2024-03-03T22:00,4.8,93,0,19.1,1010.7
2024-03-03T23:00,4.5,95,0,19.8,1010.5
2024-03-04T00:00,3.8,95,0,19.6,1010.2
2024-03-04T01:00,3.6,97,0,19.4,1009.9
2024-03-04T02:00,3.5,97,0,17.8,1010.1
2024-03-04T03:00,3.5,97,0,16.4,1010.1
2024-03-04T04:00,3.4,97,0,15.5,1010
2024-03-04T05:00,3.2,97,0,14.8,1009.6
2024-03-04T06:00,3.2,97,0,13.8,1009.6
2024-03-04T07:00,2.8,98,0,11.5,1010
2024-03-04T08:00,2.6,98,0,12.7,1010
2024-03-04T09:00,4.2,97,0,13.2,1009.8
2024-03-04T10:00,6.1,98,0,12.2,1010.1
2024-03-04T11:00,7.8,93,0,11.5,1010.2
2024-03-04T12:00,9.1,87,0,11.9,1009.8
2024-03-04T13:00,10,86,0,10,1009.5
2024-03-04T14:00,10.6,85,0,11.1,1008.6
2024-03-04T15:00,11.5,83,0,10.7,1007.8
2024-03-04T16:00,11.8,86,0,11.7,1007.2
2024-03-04T17:00,11.4,86,0,13.4,1006.6
2024-03-04T18:00,9.8,86,0,15.5,1006.4
2024-03-04T19:00,7.6,89,0,13.2,1006.2
2024-03-04T20:00,6.4,94,0,11,1006
2024-03-04T21:00,6.8,91,0,8.2,1005.4
2024-03-04T22:00,6.4,92,0,5.5,1005.3
2024-03-04T23:00,5,93,0,8.5,1004.9
2024-03-05T00:00,6.5,91,0,11.4,1005.1
2024-03-05T01:00,7,92,0,12.2,1004.9
2024-03-05T02:00,7.9,86,0,10.2,1005
2024-03-05T03:00,8.1,84,0,11.1,1005
2024-03-05T04:00,7.7,84,0,11.1,1004.9
2024-03-05T05:00,7.4,86,0,13.7,1004.4
2024-03-05T06:00,7.1,87,0,13.3,1004.8
2024-03-05T07:00,6.7,89,0,11.5,1005
2024-03-05T08:00,6.5,90,0,10.4,1005.1
2024-03-05T09:00,8.7,83,0,13,1003.7
2024-03-05T10:00,10.2,80,0,12.7,1003.5
2024-03-05T11:00,11.9,73,0,9.6,1003.1
2024-03-05T12:00,13.4,67,0,9.4,1002.3
2024-03-05T13:00,13.6,73,1.5,8.4,1001.7
2024-03-05T14:00,14.2,72,0.9,10,1000.8
2024-03-05T15:00,14.7,69,0,13.3,999.9
2024-03-05T16:00,14.9,72,0.2,9.7,999.7
2024-03-05T17:00,13.9,82,0,6.3,999.7
2024-03-05T18:00,12.1,89,0,6.1,999.9
2024-03-05T19:00,12.1,88,0,12,1000.6
2024-03-05T20:00,11.4,81,0,19.2,1000.8
2024-03-05T21:00,9.2,91,0,16,1001.2
2024-03-05T22:00,7.9,93,0.2,17.6,1001.6
2024-03-05T23:00,7.3,93,0.2,18,1001.7
2024-03-06T00:00,7,93,0.1,19.3,1001.7
2024-03-06T01:00,6.8,95,0.1,18.2,1002
2024-03-06T02:00,6.4,96,0.3,17.1,1002
2024-03-06T03:00,6.4,94,0.2,15.5,1002.3
2024-03-06T04:00,6.2,94,0,14.5,1002.4
2024-03-06T05:00,6,94,0,13.1,1002.5
2024-03-06T06:00,5.8,94,0,12.6,1003.2
2024-03-06T07:00,5.6,93,0,13.3,1003.5
2024-03-06T08:00,5.4,93,0,12.6,1004.4
2024-03-06T09:00,6.8,94,0,8.7,1004.5
2024-03-06T10:00,7.1,90,0,9.1,1005.1
2024-03-06T11:00,7.4,89,0,9.5,1005.2
2024-03-06T12:00,7.7,88,0.1,9.7,1005.3
2024-03-06T13:00,7.7,88,0.2,8.3,1005.6
2024-03-06T14:00,8.1,85,0.2,10.9,1005.4
2024-03-06T15:00,8.5,82,0,14.4,1004.9
2024-03-06T16:00,8.1,80,0,15.6,1005.3
2024-03-06T17:00,7.3,81,0,14.6,1005.2
2024-03-06T18:00,6.8,83,0.1,15.2,1005.5
2024-03-06T19:00,6.6,81,0,16.3,1006
2024-03-06T20:00,6.2,76,0,18.5,1006.4
2024-03-06T21:00,4.6,81,0,16.9,1007
2024-03-06T22:00,4.3,79,0,17.1,1007.4
2024-03-06T23:00,4.1,79,0.1,16.9,1007.3
2024-03-07T00:00,3.8,81,0.1,15.5,1007
2024-03-07T01:00,3.8,81,0.1,14.9,1007
2024-03-07T02:00,3.8,79,0,16.2,1007.3
2024-03-07T03:00,3.8,72,0,17.3,1007.4
2024-03-07T04:00,3,67,0,16.4,1007.6
2024-03-07T05:00,2.2,66,0,15.6,1007.7
2024-03-07T06:00,1.2,67,0,14.8,1008.1
2024-03-07T07:00,0.5,67,0,14.8,1008.9
2024-03-07T08:00,-0.1,67,0,13.7,1009.6
2024-03-07T09:00,1.8,70,0,15.6,1010.1
2024-03-07T10:00,3.8,61,0,13.4,1010.7
2024-03-07T11:00,5.8,55,0,12.5,1011.1
2024-03-07T12:00,7.1,52,0,10.8,1011
2024-03-07T13:00,8.1,51,0,9.4,1010.8
2024-03-07T14:00,8.6,53,0,9.4,1010.1
2024-03-07T15:00,8.5,56,0,9.6,1009.8
2024-03-07T16:00,8.4,56,0,8.8,1009.5
2024-03-07T17:00,7.9,57,0,7.4,1009.6
2024-03-07T18:00,6.9,59,0,5.6,1009.9
2024-03-07T19:00,4.1,78,0,7.9,1010.1
2024-03-07T20:00,2.5,79,0,8.3,1010.4
2024-03-07T21:00,3,73,0,7.7,1010.3
2024-03-07T22:00,1.9,75,0,6.8,1010.9
2024-03-07T23:00,0.9,80,0,7.8,1011.5
2024-03-08T00:00,1.7,78,0,8.8,1011.5
2024-03-08T01:00,1.5,82,0,9.5,1011.5
2024-03-08T02:00,1.5,84,0,10.6,1011.8
2024-03-08T03:00,2.2,77,0,14.4,1011.9
2024-03-08T04:00,2.5,77,0,16.6,1011.6
2024-03-08T05:00,2.3,79,0,18.1,1011.4
2024-03-08T06:00,2.2,80,0,19.4,1011.6
2024-03-08T07:00,2,83,0,19.8,1011.8
2024-03-08T08:00,1.9,84,0,19.6,1012.1
2024-03-08T09:00,3.7,81,0,20,1011.5
2024-03-08T10:00,4.5,79,0,19.8,1011.4
2024-03-08T11:00,5.1,78,0,21.3,1011.3
2024-03-08T12:00,5.8,75,0,22.5,1010.6
2024-03-08T13:00,6.4,72,0,21.4,1010.3
2024-03-08T14:00,6.9,70,0,22,1009.5
2024-03-08T15:00,7.1,67,0,23.1,1008.2
2024-03-08T16:00,7,62,0,22.8,1007.2
2024-03-08T17:00,6.6,63,0,19.7,1006.4
2024-03-08T18:00,6.2,63,0,20.6,1005.7
2024-03-08T19:00,6.2,59,0,24.8,1005
2024-03-08T20:00,6.3,59,0,25.6,1004.4
2024-03-08T21:00,6.8,60,0,22.9,1003.4
2024-03-08T22:00,6.9,66,0.1,19.9,1002.6
2024-03-08T23:00,6.2,86,2.1,8.4,1002.3
2024-03-09T00:00,6.5,84,0.1,6.9,1001.3
2024-03-09T01:00,7.7,85,0,14.4,1000.9
2024-03-09T02:00,8.1,86,0,15.4,1000.1
2024-03-09T03:00,7.8,88,0.2,15.7,999.3
2024-03-09T04:00,7.6,89,0.2,13.2,998.2
2024-03-09T05:00,7.4,88,1.2,15.5,997.3
2024-03-09T06:00,7.2,89,2.6,20.7,996.6
2024-03-09T07:00,6.9,90,1.7,20.1,995.9
2024-03-09T08:00,6.7,93,3.3,20.2,994.9
2024-03-09T09:00,7.3,93,1.5,23.5,992.9
2024-03-09T10:00,7.6,91,0.8,27.2,992.1
2024-03-09T11:00,7.7,92,0.6,26.6,991.5
2024-03-09T12:00,8,89,0.3,28.9,990.7
2024-03-09T13:00,8.3,92,0.6,29.5,990.5
2024-03-09T14:00,8.5,90,0.3,31.2,990.1
2024-03-09T15:00,8.2,93,0.1,25.2,989.3
2024-03-09T16:00,8.9,94,0,16.7,989.3
2024-03-09T17:00,9.4,78,0,18,989.4
2024-03-09T18:00,8.9,69,0,16.4,990.3
2024-03-09T19:00,7.2,70,0,14.2,991.5
2024-03-09T20:00,5.8,73,0,15.6,991.7
2024-03-09T21:00,4.8,73,0,9.4,991.8
2024-03-09T22:00,4.6,76,0,9.7,991.4
2024-03-09T23:00,4.6,76,0,10.4,990.9
2024-03-10T00:00,4.1,77,0,11.3,990.6
2024-03-10T01:00,3.8,75,0,12.3,990.4
2024-03-10T02:00,3.3,76,0,11.3,990.3
2024-03-10T03:00,3.2,76,0,12.3,990
2024-03-10T04:00,3,76,0,13.7,989.4
2024-03-10T05:00,2.8,77,0,14.4,989
2024-03-10T06:00,1.9,80,0,14.8,989.1
2024-03-10T07:00,0.2,75,0,16.4,989
2024-03-10T08:00,-0.4,73,0,19.9,989
2024-03-10T09:00,0,71,0.1,20.6,989.1
2024-03-10T10:00,-0.1,64,0,24.5,989.3
2024-03-10T11:00,0.2,61,0,26.7,989.7
2024-03-10T12:00,1,55,0,26.7,990.2
2024-03-10T13:00,0.8,52,0,27,990.7
2024-03-10T14:00,0,53,0,28.5,990.8
2024-03-10T15:00,0.2,52,0,30.3,990.7
2024-03-10T16:00,-0.1,53,0,31.6,991.2
2024-03-10T17:00,-0.5,54,0,33.3,991.7
2024-03-10T18:00,-0.7,55,0,31.1,992.6
2024-03-10T19:00,-0.9,58,0,29.3,993.3
2024-03-10T20:00,-0.8,62,0,28.9,994.2
2024-03-10T21:00,-0.9,69,0.1,22.3,995.2
2024-03-10T22:00,-0.4,70,0.1,27.5,996.2
2024-03-10T23:00,0.2,64,0,27.1,996.6
2024-03-11T00:00,0.5,56,0,27.3,996.9
2024-03-11T01:00,0.3,51,0,25,997.5
2024-03-11T02:00,-0.2,53,0,25,998.2
2024-03-11T03:00,-0.7,55,0,24.2,998.5
2024-03-11T04:00,-0.9,56,0,25.3,998.4
2024-03-11T05:00,-1.1,56,0,26.3,998.6
2024-03-11T06:00,-1.3,55,0,24.6,999.4
2024-03-11T07:00,-1.5,54,0,23.1,1000.4
2024-03-11T08:00,-1.5,53,0,20.5,1001.5
2024-03-11T09:00,-0.2,58,0,16.1,1003.2
2024-03-11T10:00,1.4,52,0,19.7,1003.7
2024-03-11T11:00,3.1,46,0,21.2,1004.1
2024-03-11T12:00,4.7,40,0,21.3,1003.8
2024-03-11T13:00,6.1,37,0,21.7,1003.2
2024-03-11T14:00,7.2,37,0,21.7,1002.5
2024-03-11T15:00,7.7,37,0,22,1001.9
2024-03-11T16:00,8,36,0,22.7,1001.6
2024-03-11T17:00,8,33,0,20.4,1001.2
2024-03-11T18:00,7.5,36,0,15.2,1000.7
2024-03-11T19:00,5.7,44,0,10.8,1000.5
2024-03-11T20:00,5.2,46,0,14.5,1000.4
2024-03-11T21:00,2.8,58,0,10.2,1000.7
2024-03-11T22:00,2.2,64,0,9.4,1000.7
2024-03-11T23:00,1.6,69,0,7.9,1000
2024-03-12T00:00,0.8,77,0,7.1,999.4
2024-03-12T01:00,2.2,69,0,7.7,998.9
2024-03-12T02:00,3,65,0,5.9,998.3
2024-03-12T03:00,3.2,65,0,4.4,997.8
2024-03-12T04:00,2,70,0,7.4,997.6
2024-03-12T05:00,0,81,0,6.9,997.7
2024-03-12T06:00,0.2,83,0,8.7,998.2
2024-03-12T07:00,0,85,0,10,998.9
2024-03-12T08:00,0.2,86,0,10.9,999.6
2024-03-12T09:00,2.9,82,0,10.7,999.5
2024-03-12T10:00,5.8,77,0,7.4,1000
2024-03-12T11:00,8.2,71,0,3.7,1000.1
2024-03-12T12:00,9.5,69,0,6,999.9
2024-03-12T13:00,10.1,67,0,9.4,999.7
2024-03-12T14:00,10.3,65,0,9.7,999.1
2024-03-12T15:00,10.4,62,0,8.6,998.3
2024-03-12T16:00,11.1,60,0,4.8,997.7
2024-03-12T17:00,11,63,0,5.4,997
2024-03-12T18:00,9.6,70,0,10.1,996.8
2024-03-12T19:00,8.4,71,0,10,996.8
2024-03-12T20:00,7.4,74,0,10.2,996.8
2024-03-12T21:00,8.6,69,0,8.5,996.9
2024-03-12T22:00,8.8,71,0,4.8,997
2024-03-12T23:00,6.6,79,0,2.9,996.4
2024-03-13T00:00,6.4,80,0.2,5.4,996.1
2024-03-13T01:00,7.2,80,0.3,6.1,995.5
2024-03-13T02:00,6.3,82,0,9.9,995.5
2024-03-13T03:00,7.4,75,0,9,995.3
2024-03-13T04:00,5.5,80,0,13,995.3
2024-03-13T05:00,9.1,68,0,7.7,995.5
2024-03-13T06:00,8.8,70,0,5.6,995.9
2024-03-13T07:00,7.9,73,0,5.8,996.2
2024-03-13T08:00,5.3,83,0,6.5,996.2
2024-03-13T09:00,9.8,75,0,7.6,996.4
2024-03-13T10:00,12,73,0,6.5,996.9
2024-03-13T11:00,13.7,68,0,7,997
2024-03-13T12:00,14.9,71,0,9.6,997.1
2024-03-13T13:00,15.9,71,0,12.4,997.1
2024-03-13T14:00,17,69,0,11.9,996.9
2024-03-13T15:00,18.1,56,0,13.1,996.7
2024-03-13T16:00,19.2,24,0,16.9,996.9
2024-03-13T17:00,18.6,26,0,17.7,997.4
2024-03-13T18:00,16.7,39,0,12.7,998.3
2024-03-13T19:00,13.4,55,0,12.7,999.6
2024-03-13T20:00,10.7,63,0,16.1,1000.9
2024-03-13T21:00,9.7,62,0,16.6,1001.6
2024-03-13T22:00,8.4,66,0,15.3,1002.1
2024-03-13T23:00,7.2,70,0,14.8,1002.4
2024-03-14T00:00,6.6,71,0,14.5,1003
2024-03-14T01:00,5.7,73,0,12.4,1003.5
2024-03-14T02:00,4.8,77,0,7.6,1003.9
2024-03-14T03:00,2.7,86,0,8.2,1004.4
2024-03-14T04:00,3,83,0,5.2,1004.4
2024-03-14T05:00,1.8,87,0,4.3,1004.6
2024-03-14T06:00,1.6,88,0,3.8,1005
2024-03-14T07:00,1.1,92,0,5.5,1005.4
2024-03-14T08:00,2.7,85,0,4.5,1005.9
2024-03-14T09:00,4,87,0,2.3,1006.3
2024-03-14T10:00,5.3,88,0,0,1006.4
2024-03-14T11:00,9.2,72,0,2.5,1006.3
2024-03-14T12:00,11.1,68,0,5.2,1005.9
2024-03-14T13:00,11,69,0,6.3,1005.6
2024-03-14T14:00,10.9,71,0,9.1,1004.7
2024-03-14T15:00,9.9,74,0,13.3,1003.7
2024-03-14T16:00,8.8,74,0.1,13.6,1002.8
2024-03-14T17:00,7.2,83,0.5,18.6,1001.6
2024-03-14T18:00,6.4,90,1.3,22.2,1000.4
2024-03-14T19:00,6.3,90,2.3,24.6,999.5
2024-03-14T20:00,6.4,89,3.3,28.5,998.3
2024-03-14T21:00,6,88,6.3,18.8,999.3
2024-03-14T22:00,5.9,89,1.8,21.1,999.6
2024-03-14T23:00,5.9,90,0.9,19.1,999.1
2024-03-15T00:00,5.7,91,0.3,18.1,998.8
2024-03-15T01:00,5.4,90,0.2,13.3,998.6
2024-03-15T02:00,5.2,92,0,11,998.4
2024-03-15T03:00,5,93,0,14.7,998.8
2024-03-15T04:00,4.6,93,0,17.9,999.4
2024-03-15T05:00,4.2,92,0,19.5,999.8
2024-03-15T06:00,4.3,90,0,17.4,1000
2024-03-15T07:00,4.1,91,0,16.4,1001
2024-03-15T08:00,4,92,0,13.2,1001.8
2024-03-15T09:00,5.9,85,0,17.8,1002
2024-03-15T10:00,6.9,83,0,15.7,1001.9
2024-03-15T11:00,8.6,74,0,14.9,1002.5
2024-03-15T12:00,9.4,70,0,10.5,1002.4
2024-03-15T13:00,10.7,64,0,7.4,1001.8
2024-03-15T14:00,11.6,58,0,6.6,1001
2024-03-15T15:00,11.3,58,0,7.1,1000.2
2024-03-15T16:00,10.5,73,0.1,7.9,999.8
2024-03-15T17:00,9.1,74,0.6,12.4,1000.2
2024-03-15T18:00,8.1,62,0,14.6,1000.5
2024-03-15T19:00,6.2,67,0,13.6,1000.4
2024-03-15T20:00,4.2,69,0,17,1000.4
2024-03-15T21:00,3.5,78,0,17.3,1001.2
2024-03-15T22:00,2.9,78,0,18.4,1001.5
2024-03-15T23:00,2.3,80,0,13.2,1001.3
2024-03-16T00:00,1,86,0,9.7,1001.3
2024-03-16T01:00,0.2,89,0,8.7,1001.3
2024-03-16T02:00,-0.6,90,0,6.3,1001.1
2024-03-16T03:00,-1.4,91,0,5,1001
2024-03-16T04:00,-1.6,91,0,5.2,1000.9
2024-03-16T05:00,-2.6,92,0,6.6,1000.2
2024-03-16T06:00,-3,92,0,6.5,1000
2024-03-16T07:00,-3,91,0,6.6,999.9
2024-03-16T08:00,-2.2,90,0,4,999.9
2024-03-16T09:00,1.4,86,0,10.8,999.5
2024-03-16T10:00,2.5,81,0,11.3,998.6
2024-03-16T11:00,3.7,80,0,19.1,997.6
2024-03-16T12:00,5.1,75,0.1,22.5,996.6
2024-03-16T13:00,6.8,68,0,17.4,995.5
2024-03-16T14:00,7.9,67,0,21.7,993.5
2024-03-16T15:00,8.4,64,0,25.6,991.6
2024-03-16T16:00,8.2,62,0,25.2,989.9
2024-03-16T17:00,8.5,61,0,26.5,989.2
2024-03-16T18:00,8.9,59,0,25.9,988.3
2024-03-16T19:00,8.8,63,0.1,29.2,987.6
2024-03-16T20:00,6.9,86,2.3,23.7,987.6
2024-03-16T21:00,7.4,88,1.1,19.1,987
2024-03-16T22:00,6.8,91,0.2,16.7,986.8
2024-03-16T23:00,6.6,91,0.1,13.2,986.5
2024-03-17T00:00,6.4,88,0,15.8,986.6
2024-03-17T01:00,4.6,88,0.1,13.4,987.3
2024-03-17T02:00,3.3,90,0,15,987.8
2024-03-17T03:00,2.2,89,0,15.6,987.9
2024-03-17T04:00,2,89,0,15.1,988
2024-03-17T05:00,1.8,88,0,15.6,988.2
2024-03-17T06:00,1.8,84,0,20.3,988.9
2024-03-17T07:00,1,82,0,20.2,989.7
2024-03-17T08:00,0.9,82,0,17.4,990.1
2024-03-17T09:00,2.7,76,0,19.9,989.9
2024-03-17T10:00,3.5,71,0,21.1,990.1
2024-03-17T11:00,4.6,61,0,20.5,990.5
2024-03-17T12:00,5.6,53,0,22,990.9
2024-03-17T13:00,6.3,48,0,23.6,990.8
2024-03-17T14:00,6.3,44,0.1,24.1,990.8
2024-03-17T15:00,6.2,41,0,24.1,990.5
2024-03-17T16:00,6.6,38,0,23.7,990.4
2024-03-17T17:00,6.2,37,0,23.4,991.1
2024-03-17T18:00,5.4,39,0,22.4,991.7
2024-03-17T19:00,3.6,46,0,19.2,992.7
2024-03-17T20:00,2,49,0,17.4,993.8
2024-03-17T21:00,0.6,57,0,12.9,994.8
2024-03-17T22:00,-0.2,62,0,13.8,995.2
2024-03-17T23:00,-0.9,68,0,14.5,995.3
2024-03-18T00:00,-1.3,72,0,15.1,995.4
2024-03-18T01:00,-1,69,0,16.2,995.4
2024-03-18T02:00,-0.9,55,0,21.1,995.5
2024-03-18T03:00,-1.5,55,0,20.6,995.6
2024-03-18T04:00,-2,56,0,19.4,995.5
2024-03-18T05:00,-2.3,57,0,18.1,995.4
2024-03-18T06:00,-1.9,56,0,18.5,995.8
2024-03-18T07:00,-2.5,61,0,17.2,996
2024-03-18T08:00,-2.3,63,0,17.5,996.4
2024-03-18T09:00,-0.8,61,0,19.8,996.8
2024-03-18T10:00,-0.2,62,0,21,996.8
2024-03-18T11:00,1.9,58,0,22.5,996.4
2024-03-18T12:00,3.6,55,0.1,22.3,996.3
2024-03-18T13:00,3.3,57,0.1,19.2,996.3
2024-03-18T14:00,3.8,55,0.3,18.8,996.1
2024-03-18T15:00,4.1,49,0,19.6,995.9
2024-03-18T16:00,3.5,49,0,22.3,996
2024-03-18T17:00,2.8,51,0,22.6,996.3
2024-03-18T18:00,2,52,0,22.5,996.7
2024-03-18T19:00,1.1,54,0,19.9,997.1
2024-03-18T20:00,0.2,57,0,17.1,997.9
2024-03-18T21:00,-0.5,58,0,19.1,998.8
2024-03-18T22:00,-0.9,57,0,21.1,999
2024-03-18T23:00,-1.1,55,0,21.3,999.2
2024-03-19T00:00,-1.2,57,0,19.7,999.1
2024-03-19T01:00,-1.2,59,0,15.8,998.8
2024-03-19T02:00,-1.4,60,0,13,998.5
2024-03-19T03:00,-1.8,63,0,12.5,998.3
2024-03-19T04:00,-1.3,67,0,15.3,997.8
2024-03-19T05:00,-1.2,71,0,15.3,997.1
2024-03-19T06:00,-1.2,68,0,14.4,996.6
2024-03-19T07:00,-1.4,62,0,15.7,996.2
2024-03-19T08:00,-1.1,63,0,17.6,996
2024-03-19T09:00,-0.3,68,0,23.5,995
2024-03-19T10:00,-0.1,68,0,24.5,994.4
2024-03-19T11:00,0.7,63,0,28.4,993.7
2024-03-19T12:00,1.4,61,0,29,992.3
2024-03-19T13:00,1.2,65,0.2,28.1,991.4
2024-03-19T14:00,1.7,65,0.2,29.3,990.4
2024-03-19T15:00,1.6,62,0.2,28.4,989.5
2024-03-19T16:00,1.4,63,0.2,26.7,988.6
2024-03-19T17:00,1.2,66,0.2,28.4,988.5
2024-03-19T18:00,1.5,67,0.2,22.9,988.6
2024-03-19T19:00,1.4,69,0,17.4,988.9
2024-03-19T20:00,1.2,72,0,14.9,988.7
2024-03-19T21:00,1.5,72,0,17.3,989.4
2024-03-19T22:00,1.5,71,0,17,989.3
2024-03-19T23:00,1.2,71,0,17.4,988.9
2024-03-20T00:00,0.4,72,0,18.4,988.8
2024-03-20T01:00,0.3,67,0,19.9,989.5
2024-03-20T02:00,-0.3,68,0,18.7,989.8
2024-03-20T03:00,-0.9,68,0,17.4,989.9
2024-03-20T04:00,-1.5,71,0,15.1,989.8
2024-03-20T05:00,-1.9,73,0,14.8,989.7
2024-03-20T06:00,-1.5,71,0,16.3,990.2
2024-03-20T07:00,-0.8,72,0.1,15.8,990.4
2024-03-20T08:00,-0.6,69,0.1,17.4,990.8
2024-03-20T09:00,-0.5,60,0,21.5,990.6
2024-03-20T10:00,0.2,51,0,25.5,990.8
2024-03-20T11:00,0.4,46,0,26.8,991.2
2024-03-20T12:00,1.2,41,0,28.3,991.8
2024-03-20T13:00,1.2,38,0,30.3,992.2
2024-03-20T14:00,1.1,37,0,32.8,992.9
2024-03-20T15:00,1.1,30,0.1,36.1,993.3
2024-03-20T16:00,0,41,0,29.8,994.3
2024-03-20T17:00,0,37,0.2,30.4,995.8
2024-03-20T18:00,-0.6,27,0,31.4,996.8
2024-03-20T19:00,-1.9,34,0,28.2,998.2
2024-03-20T20:00,-3.3,43,0,24.4,999.6
2024-03-20T21:00,-4.2,52,0,22.2,1001.7
2024-03-20T22:00,-4.6,53,0,20.9,1002.8
2024-03-20T23:00,-4.7,53,0,20.8,1003.7
2024-03-21T00:00,-4.9,53,0,20.8,1004.3
2024-03-21T01:00,-4.9,54,0,19.6,1004.8
2024-03-21T02:00,-5.1,56,0,18.8,1005.5
2024-03-21T03:00,-5,57,0,19.4,1006.2
2024-03-21T04:00,-5.1,55,0,19.9,1007
2024-03-21T05:00,-5.1,53,0,20.2,1007.9
2024-03-21T06:00,-5.3,53,0,18.9,1008.7
2024-03-21T07:00,-5.6,54,0,17.7,1009.7
2024-03-21T08:00,-5.6,51,0,19.2,1010.7
2024-03-21T09:00,-4.6,48,0,19.5,1011.2
2024-03-21T10:00,-3.5,43,0,21.4,1011.7
2024-03-21T11:00,-2.7,36,0,22.4,1012.2
2024-03-21T12:00,-1.9,30,0,21.4,1012.3
2024-03-21T13:00,-0.9,27,0,20,1012.4
2024-03-21T14:00,-0.4,26,0,20.4,1012.6
2024-03-21T15:00,-0.5,28,0,21,1012.5
2024-03-21T16:00,-0.9,34,0,22.1,1012.6
2024-03-21T17:00,-1.1,35,0,21.6,1012.8
2024-03-21T18:00,-1.9,36,0,20.3,1013.4
2024-03-21T19:00,-3,37,0,17.1,1014.1
2024-03-21T20:00,-4.3,41,0,13.9,1015.1
2024-03-21T21:00,-5.2,46,0,10.8,1015.8
2024-03-21T22:00,-5.9,50,0,7.8,1016.3
2024-03-21T23:00,-6.3,54,0,5.7,1016.4
2024-03-22T00:00,-6.5,56,0,5.2,1016.7
2024-03-22T01:00,-6.6,58,0,5.2,1016.9
2024-03-22T02:00,-6.9,60,0,4.4,1017.1
2024-03-22T03:00,-7.4,63,0,4.5,1016.7
2024-03-22T04:00,-7.2,63,0,3.3,1016.6
2024-03-22T05:00,-7.1,63,0,3.3,1016.6
2024-03-22T06:00,-6.4,60,0,4.8,1016.6
2024-03-22T07:00,-6.1,59,0,3.7,1016.7
2024-03-22T08:00,-4.7,54,0,5.3,1016.7
2024-03-22T09:00,-3.8,68,0.2,8.3,1016.2
2024-03-22T10:00,-2.7,64,0.2,11.7,1016.4
2024-03-22T11:00,-2.5,65,0.4,14.4,1016.1
2024-03-22T12:00,-2.5,69,0.4,16.1,1015.7
2024-03-22T13:00,-2.8,67,0.3,15.3,1014.5
2024-03-22T14:00,-2.5,64,0.2,17.5,1013.8
2024-03-22T15:00,-2.3,65,0.3,16.7,1013.3
2024-03-22T16:00,-2.6,70,0.4,18.4,1012.6
2024-03-22T17:00,-2.7,75,0.6,20.5,1011.8
2024-03-22T18:00,-2.6,78,0.8,20.2,1011.5
2024-03-22T19:00,-2.5,82,0.9,19.5,1011.1
2024-03-22T20:00,-2.3,82,0.7,19.6,1011
2024-03-22T21:00,-2.5,85,0.3,21.6,1010.1
2024-03-22T22:00,-2.3,86,0.2,22.8,1009.8
2024-03-22T23:00,-2.6,89,0.5,21,1009.4
2024-03-23T00:00,-3.7,87,0.6,20.3,1008.9
2024-03-23T01:00,-4.4,85,0.5,18.4,1008.4
2024-03-23T02:00,-4.7,83,0.3,16.7,1008.1
2024-03-23T03:00,-4.4,82,0.1,15.8,1007.7
2024-03-23T04:00,-4.6,82,0,14,1007.5
2024-03-23T05:00,-4.7,81,0,14,1007.2
2024-03-23T06:00,-4.8,81,0,14.4,1007.2
2024-03-23T07:00,-5.1,81,0,13.7,1007.9
2024-03-23T08:00,-5.3,82,0,12.6,1008.8
2024-03-23T09:00,-5.1,79,0,15.3,1008.9
2024-03-23T10:00,-3.8,73,0,16.4,1009.3
2024-03-23T11:00,-2.5,68,0,15.8,1009.4
2024-03-23T12:00,-1.1,60,0,13.7,1009.3
2024-03-23T13:00,0.1,52,0,14,1008.9
2024-03-23T14:00,1,45,0,16,1008.1
2024-03-23T15:00,1.6,40,0,15.6,1007.6
2024-03-23T16:00,1.9,38,0,17.6,1007.5
2024-03-23T17:00,1.6,42,0,18.7,1007.8
2024-03-23T18:00,0.6,51,0,20.3,1008.7
2024-03-23T19:00,-1,62,0,20.5,1009.5
2024-03-23T20:00,-2.7,62,0,20.8,1010.1
2024-03-23T21:00,-3.8,64,0,17.8,1010.8
2024-03-23T22:00,-4.4,62,0,18.9,1011.3
2024-03-23T23:00,-4.8,63,0,17.8,1011.4
2024-03-24T00:00,-5.2,65,0,16.3,1011.6
2024-03-24T01:00,-5.5,65,0,17.1,1011.7
2024-03-24T02:00,-5.7,68,0,15.5,1012.3
2024-03-24T03:00,-6.2,73,0,11.9,1012.8
2024-03-24T04:00,-7.2,78,0,7.6,1013.3
2024-03-24T05:00,-8.1,79,0,6.6,1013.7
2024-03-24T06:00,-8.9,80,0,6.6,1014.5
2024-03-24T07:00,-9.9,81,0,7.8,1015.3
2024-03-24T08:00,-9.4,81,0,6.2,1016.1
2024-03-24T09:00,-4.1,58,0,8.3,1016.9
2024-03-24T10:00,-2.2,39,0,7.1,1017.3
2024-03-24T11:00,-1,34,0,4,1017.7
2024-03-24T12:00,0.1,32,0,2.6,1018
2024-03-24T13:00,0.8,33,0,7.3,1017.8
2024-03-24T14:00,0.4,41,0,13.6,1017.5
2024-03-24T15:00,0.2,47,0,13.1,1017.3
2024-03-24T16:00,0.2,50,0,11.8,1016.5
2024-03-24T17:00,0.3,49,0,11.3,1016.5
2024-03-24T18:00,0.2,48,0,9.2,1016.8
2024-03-24T19:00,-0.6,53,0,6.5,1016.8
2024-03-24T20:00,-1.6,60,0,9.7,1016.6
2024-03-24T21:00,-1.6,56,0,12.7,1016.5
2024-03-24T22:00,-1.1,53,0,13.5,1016.7
2024-03-24T23:00,-0.9,53,0,15.4,1016.6
2024-03-25T00:00,-0.6,55,0,17.4,1016.7
2024-03-25T01:00,-0.9,57,0,19.1,1016.3
2024-03-25T02:00,-0.4,54,0,21.1,1016
2024-03-25T03:00,-0.3,57,0,22,1015.7
2024-03-25T04:00,-0.8,63,0,21.9,1015
2024-03-25T05:00,-0.6,66,0,21.4,1014.2
2024-03-25T06:00,-0.9,72,0,19.7,1014.2
2024-03-25T07:00,-0.9,73,0,20.3,1013.8
2024-03-25T08:00,-0.1,70,0,18.6,1014.2
2024-03-25T09:00,2,66,0,19.2,1013.3
2024-03-25T10:00,3.3,58,0,19,1013.5
2024-03-25T11:00,4,61,0,20.3,1013.1
2024-03-25T12:00,5.1,58,0,18.4,1013
2024-03-25T13:00,5.9,58,0,19.1,1012.4
2024-03-25T14:00,6.7,58,0,20.9,1011.7
2024-03-25T15:00,7.2,57,0,21,1010.7
2024-03-25T16:00,7.7,59,0,21.3,1010
2024-03-25T17:00,7.4,60,0,23.3,1008.9
2024-03-25T18:00,7.1,63,0,23,1008.7
2024-03-25T19:00,6.1,63,0,22.9,1008.3
2024-03-25T20:00,5.4,66,0,21.7,1007.6
2024-03-25T21:00,5.4,62,0,25.7,1006.8
2024-03-25T22:00,5.3,66,0,22.5,1006.4
2024-03-25T23:00,5.7,64,0,18.1,1005.5
2024-03-26T00:00,5.8,61,0,17.9,1005.5
2024-03-26T01:00,5,64,0,14.8,1006.2
2024-03-26T02:00,4.2,67,0,16.3,1005.6
2024-03-26T03:00,4.1,67,0,14.6,1006.1
2024-03-26T04:00,3.9,67,0,15.7,1005.5
2024-03-26T05:00,4,67,0,16.9,1005
2024-03-26T06:00,4.2,65,0,17.7,1004.4
2024-03-26T07:00,4.2,65,0,17.9,1004.1
2024-03-26T08:00,4.7,64,0,19.8,1004.4
2024-03-26T09:00,6.4,59,0,20.6,1003.6
2024-03-26T10:00,6.4,59,0,19,1003.1
2024-03-26T11:00,6.8,64,0,18.2,1003.4
2024-03-26T12:00,5.5,75,0.9,17.6,1002.9
2024-03-26T13:00,5.4,77,0.6,12.6,1002.4
2024-03-26T14:00,8.5,69,0,12.6,1001.7
2024-03-26T15:00,8.9,60,0,12.3,1000.9
2024-03-26T16:00,7.8,68,0,12,1000.1
2024-03-26T17:00,7.4,72,0,13.3,999.5
2024-03-26T18:00,6,81,0.3,15.4,999.1
2024-03-26T19:00,5.1,89,0.7,14.9,998.5
2024-03-26T20:00,5.2,91,0.5,15.3,997.9
2024-03-26T21:00,5.7,92,0.7,17.1,996.6
2024-03-26T22:00,6,91,0.2,12.3,996.1
2024-03-26T23:00,6,94,1.1,12.7,996.1
2024-03-27T00:00,7,93,1.7,17,996
2024-03-27T01:00,7.3,92,0.8,18.9,995.7
2024-03-27T02:00,7.9,93,0,21.9,995.8
2024-03-27T03:00,8.2,95,0,22.4,996.1
2024-03-27T04:00,7.5,97,0,16.6,996.4
2024-03-27T05:00,7.2,96,0,16.3,996.9
2024-03-27T06:00,6.6,94,0,14.8,997.8
2024-03-27T07:00,6.2,91,0,15.8,998.8
2024-03-27T08:00,5.8,91,0,15,999.6
2024-03-27T09:00,6.6,90,0,16.5,1000
2024-03-27T10:00,7.7,84,0,16.6,1000.6
2024-03-27T11:00,8.6,73,0,19.4,1000.9
2024-03-27T12:00,9.2,67,0,20.6,1001.4
2024-03-27T13:00,10.1,61,0,22.2,1001.7
2024-03-27T14:00,10.7,57,0,24.6,1001.4
2024-03-27T15:00,10.5,57,0,25,1001.4
2024-03-27T16:00,10.1,55,0,25,1001.8
2024-03-27T17:00,9.8,55,0,21.7,1002.5
2024-03-27T18:00,9,59,0,19.9,1002.9
2024-03-27T19:00,7.4,68,0,13.8,1003.8
2024-03-27T20:00,5.2,71,0,13,1004.2
2024-03-27T21:00,4.1,75,0,9.4,1006.1
2024-03-27T22:00,3.7,75,0,8.2,1006.3
2024-03-27T23:00,3.5,71,0,11.9,1006.6
2024-03-28T00:00,2.9,67,0,15.9,1006.7
2024-03-28T01:00,1.1,70,0,14.7,1007
2024-03-28T02:00,-0.1,74,0,14,1007.7
2024-03-28T03:00,-1.2,79,0,11.9,1007.9
2024-03-28T04:00,-1.9,81,0,10.1,1008
2024-03-28T05:00,-2.6,83,0,6.5,1007.7
2024-03-28T06:00,-3.6,85,0,6.4,1007.9
2024-03-28T07:00,-3.2,84,0,5.9,1007.8
2024-03-28T08:00,-1.7,81,0,8.4,1008.5
2024-03-28T09:00,1.3,69,0,8.6,1008.2
2024-03-28T10:00,3.4,62,0,10.2,1008.2
2024-03-28T11:00,4.9,54,0,13.9,1007.8
2024-03-28T12:00,6.1,52,0,14.3,1006.6
2024-03-28T13:00,7.2,48,0,14.5,1005.9
2024-03-28T14:00,8.3,40,0,16,1005.1
2024-03-28T15:00,8.4,45,0,15,1003.8
2024-03-28T16:00,8.8,46,0,14,1002.5
2024-03-28T17:00,8.9,47,0,15.1,1002
2024-03-28T18:00,8.1,52,0,12.9,1001.3
2024-03-28T19:00,6.8,57,0,8.3,1001.1
2024-03-28T20:00,5.8,39,0,16.9,1001.5
2024-03-28T21:00,3.2,54,0,8,1002.9
2024-03-28T22:00,2.5,56,0,8.9,1003.1
2024-03-28T23:00,0.5,67,0,6,1003
2024-03-29T00:00,-0.2,64,0,7.2,1002.9
2024-03-29T01:00,-1.3,72,0,7.4,1002.8
2024-03-29T02:00,-1.9,78,0,8.4,1002.7
2024-03-29T03:00,-1.8,80,0,12.4,1002.8
2024-03-29T04:00,-1.5,79,0,15,1002.7
2024-03-29T05:00,-1.9,79,0,15.2,1002.8
2024-03-29T06:00,-2.2,78,0,13.8,1003
2024-03-29T07:00,-2.3,73,0,15.5,1003.1
2024-03-29T08:00,-1.5,70,0,15.1,1003.2
2024-03-29T09:00,1.1,68,0,14.5,1003.7
2024-03-29T10:00,2.5,57,0,21.4,1003.5
2024-03-29T11:00,2.5,56,0,18.2,1003.4
2024-03-29T12:00,3.5,52,0,18.8,1003.4
2024-03-29T13:00,4.4,50,0,19.6,1003.1
2024-03-29T14:00,5.6,47,0,20.9,1002.6
2024-03-29T15:00,6.4,46,0,21.1,1002
2024-03-29T16:00,6.8,46,0,21.6,1001.6
2024-03-29T17:00,6.6,46,0,22.1,1001.5
2024-03-29T18:00,5.4,49,0,21.9,1001.6
2024-03-29T19:00,3.8,54,0,20.8,1002.2
2024-03-29T20:00,2.2,57,0,14.8,1002.3
2024-03-29T21:00,1.7,59,0,14.7,1003.5
2024-03-29T22:00,1.2,62,0,13.7,1003.7
2024-03-29T23:00,1,64,0,14,1003.8
2024-03-30T00:00,0.5,67,0,12.6,1003.9
2024-03-30T01:00,-1.1,76,0,9.9,1003.8
2024-03-30T02:00,-2,81,0,9,1003.5
2024-03-30T03:00,-2.3,83,0,10.1,1003.5
2024-03-30T04:00,-2.7,84,0,8.5,1003
2024-03-30T05:00,-2.8,84,0,9.4,1002.8
2024-03-30T06:00,-2.8,84,0,9.7,1002.8
2024-03-30T07:00,-3,84,0,9,1002.6
2024-03-30T08:00,-1.8,81,0,9.5,1002.6
2024-03-30T09:00,0.9,77,0,4.9,1002.2
2024-03-30T10:00,3.3,69,0,0.7,1001.4
2024-03-30T11:00,4.2,64,0,7.3,1000.8
2024-03-30T12:00,4.8,63,0,10.5,1000.2
2024-03-30T13:00,5.3,58,0,10.1,999.2
2024-03-30T14:00,5.4,54,0,15.2,998.6
2024-03-30T15:00,5.4,52,0,13,997.6
2024-03-30T16:00,6.1,51,0,7.6,996.7
2024-03-30T17:00,6.1,53,0,7,996.1
2024-03-30T18:00,5.7,56,0,8.8,996.2
2024-03-30T19:00,5.6,63,0,7.2,996.3
2024-03-30T20:00,4.8,69,0.1,7,996.7
2024-03-30T21:00,4.7,76,0.1,12.2,997.5
2024-03-30T22:00,3.8,67,0,11.4,997.9
2024-03-30T23:00,2.6,72,0.1,15.6,998
2024-03-31T00:00,2.3,69,0,16.8,998.2
2024-03-31T01:00,2,66,0,17.7,998.6
2024-03-31T02:00,1.7,70,0,16.5,998.8
2024-03-31T03:00,1.6,75,0,16.7,999.7
2024-03-31T04:00,1.1,81,0,14.4,1000.2
2024-03-31T05:00,0.2,88,0,12,1001
2024-03-31T06:00,-0.3,88,0,12.3,1001.3
2024-03-31T07:00,-0.4,87,0,10.7,1002.2
2024-03-31T08:00,0.7,83,0,11.7,1003.4
2024-03-31T09:00,3,73,0,14.1,1003.6
2024-03-31T10:00,3.8,67,0,10.7,1003.7
2024-03-31T11:00,4.4,65,0,7.8,1003.8
2024-03-31T12:00,5.3,62,0,10.5,1004
2024-03-31T13:00,5.8,61,0,11.5,1004
2024-03-31T14:00,5.9,65,0,12.1,1003.5
2024-03-31T15:00,6,70,0,15.1,1003.6
2024-03-31T16:00,6.1,66,0,16.6,1002.8
2024-03-31T17:00,6.7,63,0,15,1001.9
2024-03-31T18:00,6.6,64,0,12.6,1001.7
2024-03-31T19:00,5.2,71,0,9.4,1001.6
2024-03-31T20:00,3.2,77,0,8.7,1001.7
2024-03-31T21:00,2.7,88,0,7.1,1002.3
2024-03-31T22:00,3,70,0,10.8,1003
2024-03-31T23:00,2.7,65,0,11.5,1003.2
